INSERT INTO TYP_TYPE (TYP_ID, TYP_NAME) VALUES
('53db9b2e-ccb5-11ec-9d64-0242ac120002','Angle Méridienne'),
('53db9d36-ccb5-11ec-9d64-0242ac120002','Angle Terminal'),
('53db9e6c-ccb5-11ec-9d64-0242ac120002','Table Basse'),
('53db9f70-ccb5-11ec-9d64-0242ac120002','Banquette 2 places'),
('53dba074-ccb5-11ec-9d64-0242ac120002','Bâtard'),
('53dba27c-ccb5-11ec-9d64-0242ac120002','Bâtard 1 place + Relax'),
('53dba394-ccb5-11ec-9d64-0242ac120002','Bâtard 1,5 places'),
('53dba498-ccb5-11ec-9d64-0242ac120002','Bâtard 1,5 place + Relax'),
('53dba5a6-ccb5-11ec-9d64-0242ac120002','Bâtard 2 places'),
('53dba6aa-ccb5-11ec-9d64-0242ac120002','Bâtard 2 places + 1 Relax'),
('53dba7ae-ccb5-11ec-9d64-0242ac120002','Bâtard 2 places + 2 Relax'),
('53dba998-ccb5-11ec-9d64-0242ac120002','Bâtard 2,5 places'),
('53dbaaa6-ccb5-11ec-9d64-0242ac120002','Bâtard 2,5 places + 1 Relax'),
('53dbabaa-ccb5-11ec-9d64-0242ac120002','Bâtard 2,5 places + 2 Relax'),
('53dbacae-ccb5-11ec-9d64-0242ac120002','Bâtard 3 places'),
('53dbaeac-ccb5-11ec-9d64-0242ac120002','Bâtard 3 places + 1 Relax électrique'),
('53dbafc4-ccb5-11ec-9d64-0242ac120002','Bâtard 3 places convertibles'),
('53dbb0c8-ccb5-11ec-9d64-0242ac120002','Canapé 2 places'),
('53dbb1d6-ccb5-11ec-9d64-0242ac120002','Canapé 2 places + 1 Rélax'),
('53dbb3a2-ccb5-11ec-9d64-0242ac120002','Canapé 2 places + 2 Relax'),
('53dbb4a6-ccb5-11ec-9d64-0242ac120002','Canapé 2,5 places'),
('53dbb5a0-ccb5-11ec-9d64-0242ac120002','Canapé 2,5 places + 1 Relax'),
('53dbb6a4-ccb5-11ec-9d64-0242ac120002','Canapé 2,5 places + 2 Relax'),
('53dbb7bc-ccb5-11ec-9d64-0242ac120002','Canapé 3 places'),
('53dbb992-ccb5-11ec-9d64-0242ac120002','Canapé 3 places + 1 Relax'),
('53dbba96-ccb5-11ec-9d64-0242ac120002','Canapé 3 places + 2 Relax'),
('53dbbb9a-ccb5-11ec-9d64-0242ac120002','Canapé d''angle'),
('53dbbd84-ccb5-11ec-9d64-0242ac120002','Chauffeuse'),
('53dbbf28-ccb5-11ec-9d64-0242ac120002','Dormeuse'),
('53dbc040-ccb5-11ec-9d64-0242ac120002','Fauteuil'),
('53dbc14e-ccb5-11ec-9d64-0242ac120002','Fauteuil + Relax'),
('53dbc248-ccb5-11ec-9d64-0242ac120002','Fauteuil pivotant'),
('53dbc45a-ccb5-11ec-9d64-0242ac120002','Pouf'),
('53dbc568-ccb5-11ec-9d64-0242ac120002','Meuble TV'),
('53dbc662-ccb5-11ec-9d64-0242ac120002','Salon d''angle');

INSERT INTO SHO_SHOP (SHO_ID, SHO_NAME) VALUES
('0b332df2-ce4e-11ec-9d64-0242ac120002', 'Athis'),
('0b333018-ce4e-11ec-9d64-0242ac120002', 'CC'),
('0b33320c-ce4e-11ec-9d64-0242ac120002', 'Charonne'),
('0b33331a-ce4e-11ec-9d64-0242ac120002', 'Coignières'),
('0b333482-ce4e-11ec-9d64-0242ac120002', 'Croix Blanche'),
('0b333630-ce4e-11ec-9d64-0242ac120002', 'Domus'),
('0b3338d8-ce4e-11ec-9d64-0242ac120002', 'Herblay'),
('0b3339e6-ce4e-11ec-9d64-0242ac120002', 'Maine'),
('0b333ae0-ce4e-11ec-9d64-0242ac120002', 'Orgeval'),
('0b333bee-ce4e-11ec-9d64-0242ac120002', 'Sébastopol'),
('0b333d88-ce4e-11ec-9d64-0242ac120002', 'Villepinte'),
('0b333e8c-ce4e-11ec-9d64-0242ac120002', 'Villiers');

INSERT INTO SUP_SUPPLIER (SUP_ID, SUP_NAME) VALUES
('c3d58a8a-ce4e-11ec-9d64-0242ac120002', 'AERRE'),
('c3d58c42-ce4e-11ec-9d64-0242ac120002', 'AKANTE'),
('c3d58f30-ce4e-11ec-9d64-0242ac120002', 'AMBROGI'),
('c3d5903e-ce4e-11ec-9d64-0242ac120002', 'BAAKAL AND ROSS'),
('c3d5912e-ce4e-11ec-9d64-0242ac120002', 'CAPDEVIELLE'),
('c3d59214-ce4e-11ec-9d64-0242ac120002', 'CATTANEO'),
('c3d592fa-ce4e-11ec-9d64-0242ac120002', 'CORIUM'),
('c3d593d6-ce4e-11ec-9d64-0242ac120002', 'COSMOSALOTTO'),
('c3d594b2-ce4e-11ec-9d64-0242ac120002', 'DIVA DIVANI'),
('c3d5958e-ce4e-11ec-9d64-0242ac120002', 'DIVERS'),
('c3d597a0-ce4e-11ec-9d64-0242ac120002', 'DOMI SRL'),
('c3d5987c-ce4e-11ec-9d64-0242ac120002', 'DOMICIL'),
('c3d5996c-ce4e-11ec-9d64-0242ac120002', 'EDITIONS'),
('c3d59a3e-ce4e-11ec-9d64-0242ac120002', 'F&T SALOTTI'),
('c3d59b1a-ce4e-11ec-9d64-0242ac120002', 'FISCHER INTERNATIONAL'),
('c3d59c00-ce4e-11ec-9d64-0242ac120002', 'GALEA'),
('c3d59cd2-ce4e-11ec-9d64-0242ac120002', 'GREENCORP'),
('c3d59db8-ce4e-11ec-9d64-0242ac120002', 'GURIAN'),
('c3d59ff2-ce4e-11ec-9d64-0242ac120002', 'HIMOLLA'),
('c3d5a0ce-ce4e-11ec-9d64-0242ac120002', 'HTL'),
('c3d5a1a0-ce4e-11ec-9d64-0242ac120002', 'LA SQUADRA'),
('c3d5a27c-ce4e-11ec-9d64-0242ac120002', 'LOTUS'),
('c3d5a36c-ce4e-11ec-9d64-0242ac120002', 'NIAS'),
('c3d5a43e-ce4e-11ec-9d64-0242ac120002', 'OPTIMA'),
('c3d5a51a-ce4e-11ec-9d64-0242ac120002', 'POLARIS'),
('c3d5a75e-ce4e-11ec-9d64-0242ac120002', 'POLIPOL'),
('c3d5a858-ce4e-11ec-9d64-0242ac120002', 'SANTA LUCIA'),
('c3d5a948-ce4e-11ec-9d64-0242ac120002', 'SEDUTA D ARTE'),
('c3d5aa1a-ce4e-11ec-9d64-0242ac120002', 'SOFTALY'),
('c3d5ab00-ce4e-11ec-9d64-0242ac120002', 'STEINPOL'),
('c3d5abd2-ce4e-11ec-9d64-0242ac120002', 'SUPERB'),
('c3d5acae-ce4e-11ec-9d64-0242ac120002', 'TEKMA'),
('c3d5ad94-ce4e-11ec-9d64-0242ac120002', 'VITARELAX'),
('c3d5af92-ce4e-11ec-9d64-0242ac120002', 'AUTRE');

INSERT INTO MOD_MODEL (MOD_ID, MOD_NAME, SUP_ID) VALUES
('09c86c78-ce50-11ec-9d64-0242ac120002', 'ACCADEMIA', 'c3d5a43e-ce4e-11ec-9d64-0242ac120002'),
('09c87236-ce50-11ec-9d64-0242ac120002', 'ACQUAVIVA', 'c3d592fa-ce4e-11ec-9d64-0242ac120002'),
('09c8736c-ce50-11ec-9d64-0242ac120002', 'ALBA', 'c3d59cd2-ce4e-11ec-9d64-0242ac120002'),
('09c87484-ce50-11ec-9d64-0242ac120002', 'ALLEGRO', 'c3d5a1a0-ce4e-11ec-9d64-0242ac120002'),
('09c875a6-ce50-11ec-9d64-0242ac120002', 'ALMERIA', 'c3d5ab00-ce4e-11ec-9d64-0242ac120002'),
('09c876c8-ce50-11ec-9d64-0242ac120002', 'ALPA', 'c3d5a0ce-ce4e-11ec-9d64-0242ac120002'),
('09c877d6-ce50-11ec-9d64-0242ac120002', 'ALTER EGO', 'c3d5a0ce-ce4e-11ec-9d64-0242ac120002'),
('09c8790c-ce50-11ec-9d64-0242ac120002', 'AMANDA', 'c3d5a27c-ce4e-11ec-9d64-0242ac120002'),
('09c87f06-ce50-11ec-9d64-0242ac120002', 'ANAIS', 'c3d5a0ce-ce4e-11ec-9d64-0242ac120002'),
('09c8805a-ce50-11ec-9d64-0242ac120002', 'ANELLI', 'c3d5acae-ce4e-11ec-9d64-0242ac120002'),
('09c88172-ce50-11ec-9d64-0242ac120002', 'ARCHIPEL', 'c3d5a0ce-ce4e-11ec-9d64-0242ac120002'),
('09c88294-ce50-11ec-9d64-0242ac120002', 'ARIANA', 'c3d5a27c-ce4e-11ec-9d64-0242ac120002'),
('09c883ac-ce50-11ec-9d64-0242ac120002', 'BADION', 'c3d5a0ce-ce4e-11ec-9d64-0242ac120002'),
('09c884c4-ce50-11ec-9d64-0242ac120002', 'BAHAMAS', 'c3d5a0ce-ce4e-11ec-9d64-0242ac120002'),
('09c885fa-ce50-11ec-9d64-0242ac120002', 'BAHIA', 'c3d5a27c-ce4e-11ec-9d64-0242ac120002'),
('09c88776-ce50-11ec-9d64-0242ac120002', 'BAKU', 'c3d592fa-ce4e-11ec-9d64-0242ac120002'),
('09c88a6e-ce50-11ec-9d64-0242ac120002', 'BALTIC', 'c3d592fa-ce4e-11ec-9d64-0242ac120002'),
('09c88ba4-ce50-11ec-9d64-0242ac120002', 'BANDANA', 'c3d5a0ce-ce4e-11ec-9d64-0242ac120002'),
('09c88cd0-ce50-11ec-9d64-0242ac120002', 'BARCELONA', 'c3d58c42-ce4e-11ec-9d64-0242ac120002'),
('09c88f00-ce50-11ec-9d64-0242ac120002', 'BELLAVISTA', 'c3d5a27c-ce4e-11ec-9d64-0242ac120002'),
('09c89022-ce50-11ec-9d64-0242ac120002', 'BIBA', 'c3d5a27c-ce4e-11ec-9d64-0242ac120002'),
('09c89144-ce50-11ec-9d64-0242ac120002', 'BILL', 'c3d5abd2-ce4e-11ec-9d64-0242ac120002'),
('09c89270-ce50-11ec-9d64-0242ac120002', 'BIRDIE', 'c3d5a0ce-ce4e-11ec-9d64-0242ac120002'),
('09c895ea-ce50-11ec-9d64-0242ac120002', 'BLUE MOON', 'c3d5a0ce-ce4e-11ec-9d64-0242ac120002'),
('09c89806-ce50-11ec-9d64-0242ac120002', 'BLUE NOTE', 'c3d592fa-ce4e-11ec-9d64-0242ac120002'),
('09c89928-ce50-11ec-9d64-0242ac120002', 'BOGOTA', 'c3d5a27c-ce4e-11ec-9d64-0242ac120002'),
('09c89a36-ce50-11ec-9d64-0242ac120002', 'BOLTON', 'c3d594b2-ce4e-11ec-9d64-0242ac120002'),
('09c89b44-ce50-11ec-9d64-0242ac120002', 'BRAVO', 'c3d59a3e-ce4e-11ec-9d64-0242ac120002'),
('09c89c66-ce50-11ec-9d64-0242ac120002', 'BROOKLYN', 'c3d5a27c-ce4e-11ec-9d64-0242ac120002'),
('09c8a012-ce50-11ec-9d64-0242ac120002', 'BUZZ FAUTEUIL', 'c3d5a0ce-ce4e-11ec-9d64-0242ac120002'),
('09c8a15c-ce50-11ec-9d64-0242ac120002', 'BYBLOS', 'c3d5a0ce-ce4e-11ec-9d64-0242ac120002'),
('09c8a27e-ce50-11ec-9d64-0242ac120002', 'BYRON', 'c3d592fa-ce4e-11ec-9d64-0242ac120002'),
('09c8a38c-ce50-11ec-9d64-0242ac120002', 'CALISTA', 'c3d5987c-ce4e-11ec-9d64-0242ac120002'),
('09c8a490-ce50-11ec-9d64-0242ac120002', 'CANDICE', 'c3d5a0ce-ce4e-11ec-9d64-0242ac120002'),
('09c8a58a-ce50-11ec-9d64-0242ac120002', 'CANDY', 'c3d5a27c-ce4e-11ec-9d64-0242ac120002'),
('09c8a68e-ce50-11ec-9d64-0242ac120002', 'CAPRICE', 'c3d59cd2-ce4e-11ec-9d64-0242ac120002'),
('09c8a788-ce50-11ec-9d64-0242ac120002', 'CAPTURE', 'c3d5a43e-ce4e-11ec-9d64-0242ac120002'),
('09c8ab84-ce50-11ec-9d64-0242ac120002', 'CARGO', 'c3d5987c-ce4e-11ec-9d64-0242ac120002'),
('09c8ac9c-ce50-11ec-9d64-0242ac120002', 'CARLA', 'c3d5aa1a-ce4e-11ec-9d64-0242ac120002'),
('09c8adaa-ce50-11ec-9d64-0242ac120002', 'CARLO', 'c3d5987c-ce4e-11ec-9d64-0242ac120002'),
('09c8aeb8-ce50-11ec-9d64-0242ac120002', 'CARLTON', 'c3d58a8a-ce4e-11ec-9d64-0242ac120002'),
('09c8afbc-ce50-11ec-9d64-0242ac120002', 'CARTE BLANCHE', 'c3d5abd2-ce4e-11ec-9d64-0242ac120002'),
('09c8b0c0-ce50-11ec-9d64-0242ac120002', 'CASABLANCA', 'c3d5a0ce-ce4e-11ec-9d64-0242ac120002'),
('09c8b1ba-ce50-11ec-9d64-0242ac120002', 'CAYENNE', 'c3d5a0ce-ce4e-11ec-9d64-0242ac120002'),
('09c8b5d4-ce50-11ec-9d64-0242ac120002', 'CENTURY', 'c3d5a27c-ce4e-11ec-9d64-0242ac120002'),
('09c8b6d8-ce50-11ec-9d64-0242ac120002', 'CHARME', 'c3d5a0ce-ce4e-11ec-9d64-0242ac120002'),
('09c8b7dc-ce50-11ec-9d64-0242ac120002', 'CHESTER', 'c3d592fa-ce4e-11ec-9d64-0242ac120002'),
('09c8b8e0-ce50-11ec-9d64-0242ac120002', 'CIRCUS', 'c3d5abd2-ce4e-11ec-9d64-0242ac120002'),
('09c8b9da-ce50-11ec-9d64-0242ac120002', 'CITIZEN', 'c3d592fa-ce4e-11ec-9d64-0242ac120002'),
('09c8bb24-ce50-11ec-9d64-0242ac120002', 'CLAUDIA', 'c3d592fa-ce4e-11ec-9d64-0242ac120002'),
('09c8bc32-ce50-11ec-9d64-0242ac120002', 'CLAUDIO', 'c3d58f30-ce4e-11ec-9d64-0242ac120002'),
('09c8bd2c-ce50-11ec-9d64-0242ac120002', 'CLEO', 'c3d5a0ce-ce4e-11ec-9d64-0242ac120002'),
('09c8c038-ce50-11ec-9d64-0242ac120002', 'CLUB', 'c3d5a0ce-ce4e-11ec-9d64-0242ac120002'),
('09c8c13c-ce50-11ec-9d64-0242ac120002', 'COCONUT', 'c3d5a0ce-ce4e-11ec-9d64-0242ac120002'),
('09c8c254-ce50-11ec-9d64-0242ac120002', 'COLLORADO', 'c3d5a75e-ce4e-11ec-9d64-0242ac120002'),
('09c8c380-ce50-11ec-9d64-0242ac120002', 'CONTRASTE', 'c3d59cd2-ce4e-11ec-9d64-0242ac120002'),
('09c8c47a-ce50-11ec-9d64-0242ac120002', 'COPACABANA', 'c3d594b2-ce4e-11ec-9d64-0242ac120002'),
('09c8c56a-ce50-11ec-9d64-0242ac120002', 'CORFOU', 'c3d5a43e-ce4e-11ec-9d64-0242ac120002'),
('09c8c664-ce50-11ec-9d64-0242ac120002', 'CORTINA', 'c3d5a0ce-ce4e-11ec-9d64-0242ac120002'),
('09c8c9b6-ce50-11ec-9d64-0242ac120002', 'CR18', 'c3d5a75e-ce4e-11ec-9d64-0242ac120002'),
('09c8cac4-ce50-11ec-9d64-0242ac120002', 'CRISTAL', 'c3d5a0ce-ce4e-11ec-9d64-0242ac120002'),
('09c8cbbe-ce50-11ec-9d64-0242ac120002', 'DAISY', 'c3d5a0ce-ce4e-11ec-9d64-0242ac120002'),
('09c8ccc2-ce50-11ec-9d64-0242ac120002', 'DELTA', 'c3d5a0ce-ce4e-11ec-9d64-0242ac120002'),
('09c8cdbc-ce50-11ec-9d64-0242ac120002', 'DERBY', 'c3d5abd2-ce4e-11ec-9d64-0242ac120002'),
('09c8ceb6-ce50-11ec-9d64-0242ac120002', 'DOLCE', 'c3d5a0ce-ce4e-11ec-9d64-0242ac120002'),
('09c8cfb0-ce50-11ec-9d64-0242ac120002', 'DONELLI', 'c3d5acae-ce4e-11ec-9d64-0242ac120002'),
('09c8d0b4-ce50-11ec-9d64-0242ac120002', 'DORA', 'c3d5a43e-ce4e-11ec-9d64-0242ac120002'),
('09c8d398-ce50-11ec-9d64-0242ac120002', 'DORIS', 'c3d5a43e-ce4e-11ec-9d64-0242ac120002'),
('09c8d49c-ce50-11ec-9d64-0242ac120002', 'DUNES', 'c3d5aa1a-ce4e-11ec-9d64-0242ac120002'),
('09c8d5a0-ce50-11ec-9d64-0242ac120002', 'DURBAN', 'c3d592fa-ce4e-11ec-9d64-0242ac120002'),
('09c8d69a-ce50-11ec-9d64-0242ac120002', 'ECLIPSE', 'c3d5a0ce-ce4e-11ec-9d64-0242ac120002'),
('09c8d79e-ce50-11ec-9d64-0242ac120002', 'EDEN', 'c3d5a0ce-ce4e-11ec-9d64-0242ac120002'),
('09c8d9a6-ce50-11ec-9d64-0242ac120002', 'EDITORIAL', 'c3d5a0ce-ce4e-11ec-9d64-0242ac120002'),
('09c8daa0-ce50-11ec-9d64-0242ac120002', 'ELISA', 'c3d5aa1a-ce4e-11ec-9d64-0242ac120002'),
('09c8dd66-ce50-11ec-9d64-0242ac120002', 'ELLIS', 'c3d592fa-ce4e-11ec-9d64-0242ac120002'),
('09c8de74-ce50-11ec-9d64-0242ac120002', 'EMMA', 'c3d5a27c-ce4e-11ec-9d64-0242ac120002'),
('09c8df6e-ce50-11ec-9d64-0242ac120002', 'ENZO', 'c3d592fa-ce4e-11ec-9d64-0242ac120002'),
('09c8e072-ce50-11ec-9d64-0242ac120002', 'ERGO', 'c3d5ab00-ce4e-11ec-9d64-0242ac120002'),
('09c8e16c-ce50-11ec-9d64-0242ac120002', 'FAUTEUIL TV', 'c3d5a0ce-ce4e-11ec-9d64-0242ac120002'),
('09c8e266-ce50-11ec-9d64-0242ac120002', 'FLAVIA', 'c3d5958e-ce4e-11ec-9d64-0242ac120002'),
('09c8e360-ce50-11ec-9d64-0242ac120002', 'FLORENCE', 'c3d5a0ce-ce4e-11ec-9d64-0242ac120002'),
('09c8e45a-ce50-11ec-9d64-0242ac120002', 'FOCUS', 'c3d592fa-ce4e-11ec-9d64-0242ac120002'),
('09c8e7de-ce50-11ec-9d64-0242ac120002', 'FOSTER', 'c3d5a27c-ce4e-11ec-9d64-0242ac120002'),
('09c8e8d8-ce50-11ec-9d64-0242ac120002', 'FRANCESCA', 'c3d59cd2-ce4e-11ec-9d64-0242ac120002'),
('09c8e9e6-ce50-11ec-9d64-0242ac120002', 'FST 9312', 'c3d5a0ce-ce4e-11ec-9d64-0242ac120002'),
('09c8eae0-ce50-11ec-9d64-0242ac120002', 'GAMMA', 'c3d58c42-ce4e-11ec-9d64-0242ac120002'),
('09c8ebee-ce50-11ec-9d64-0242ac120002', 'GARDENA', 'c3d5a43e-ce4e-11ec-9d64-0242ac120002'),
('09c8ecf2-ce50-11ec-9d64-0242ac120002', 'GEILO', 'c3d59ff2-ce4e-11ec-9d64-0242ac120002'),
('09c8edec-ce50-11ec-9d64-0242ac120002', 'GERALD', 'c3d5987c-ce4e-11ec-9d64-0242ac120002'),
('09c8eef0-ce50-11ec-9d64-0242ac120002', 'GIANNI', 'c3d5aa1a-ce4e-11ec-9d64-0242ac120002'),
('09c8f26a-ce50-11ec-9d64-0242ac120002', 'GINA', 'c3d5a43e-ce4e-11ec-9d64-0242ac120002'),
('09c8f364-ce50-11ec-9d64-0242ac120002', 'GIORGIO', 'c3d592fa-ce4e-11ec-9d64-0242ac120002'),
('09c8f468-ce50-11ec-9d64-0242ac120002', 'GIULIETTA', 'c3d5a27c-ce4e-11ec-9d64-0242ac120002'),
('09c8f56c-ce50-11ec-9d64-0242ac120002', 'GOAL', 'c3d5a0ce-ce4e-11ec-9d64-0242ac120002'),
('09c8f666-ce50-11ec-9d64-0242ac120002', 'GOLF', 'c3d5a27c-ce4e-11ec-9d64-0242ac120002'),
('09c8f760-ce50-11ec-9d64-0242ac120002', 'GORDON', 'c3d592fa-ce4e-11ec-9d64-0242ac120002'),
('09c8f864-ce50-11ec-9d64-0242ac120002', 'GOSSIP', 'c3d5996c-ce4e-11ec-9d64-0242ac120002'),
('09c8f968-ce50-11ec-9d64-0242ac120002', 'GRAND LARCHE', 'c3d5a0ce-ce4e-11ec-9d64-0242ac120002'),
('09c8fc24-ce50-11ec-9d64-0242ac120002', 'GRAZIA', 'c3d5abd2-ce4e-11ec-9d64-0242ac120002'),
('09c8fd28-ce50-11ec-9d64-0242ac120002', 'GREY', 'c3d5abd2-ce4e-11ec-9d64-0242ac120002'),
('09c8fe2c-ce50-11ec-9d64-0242ac120002', 'GUESS WHO', 'c3d5a0ce-ce4e-11ec-9d64-0242ac120002'),
('09c90020-ce50-11ec-9d64-0242ac120002', 'HARMONY', 'c3d592fa-ce4e-11ec-9d64-0242ac120002'),
('09c90192-ce50-11ec-9d64-0242ac120002', 'IBIZA', 'c3d5a0ce-ce4e-11ec-9d64-0242ac120002'),
('09c902aa-ce50-11ec-9d64-0242ac120002', 'ICEBERG', 'c3d5abd2-ce4e-11ec-9d64-0242ac120002'),
('09c903a4-ce50-11ec-9d64-0242ac120002', 'ILLINOIS', 'c3d59214-ce4e-11ec-9d64-0242ac120002'),
('09c907a0-ce50-11ec-9d64-0242ac120002', 'IRIS', 'c3d5abd2-ce4e-11ec-9d64-0242ac120002'),
('09c908ae-ce50-11ec-9d64-0242ac120002', 'ISCHIA', 'c3d5ad94-ce4e-11ec-9d64-0242ac120002'),
('09c909b2-ce50-11ec-9d64-0242ac120002', 'JAGUAR', 'c3d594b2-ce4e-11ec-9d64-0242ac120002'),
('09c90aac-ce50-11ec-9d64-0242ac120002', 'KRISTIN', 'c3d5aa1a-ce4e-11ec-9d64-0242ac120002'),
('09c90b9c-ce50-11ec-9d64-0242ac120002', 'LARRY', 'c3d5a0ce-ce4e-11ec-9d64-0242ac120002'),
('09c90ca0-ce50-11ec-9d64-0242ac120002', 'LAUREAT', 'c3d5a0ce-ce4e-11ec-9d64-0242ac120002'),
('09c90d9a-ce50-11ec-9d64-0242ac120002', 'LEA', 'c3d592fa-ce4e-11ec-9d64-0242ac120002'),
('09c90e9e-ce50-11ec-9d64-0242ac120002', 'LENNOX', 'c3d5ab00-ce4e-11ec-9d64-0242ac120002'),
('09c9118c-ce50-11ec-9d64-0242ac120002', 'LIBERTY', 'c3d5aa1a-ce4e-11ec-9d64-0242ac120002'),
('09c91290-ce50-11ec-9d64-0242ac120002', 'LINCOLN', 'c3d5a0ce-ce4e-11ec-9d64-0242ac120002'),
('09c9139e-ce50-11ec-9d64-0242ac120002', 'LISA', 'c3d5a27c-ce4e-11ec-9d64-0242ac120002'),
('09c914a2-ce50-11ec-9d64-0242ac120002', 'LIVIO', 'c3d5a858-ce4e-11ec-9d64-0242ac120002'),
('09c9163c-ce50-11ec-9d64-0242ac120002', 'LONG BEACH', 'c3d5a27c-ce4e-11ec-9d64-0242ac120002'),
('09c9181c-ce50-11ec-9d64-0242ac120002', 'LUGANO', 'c3d5a0ce-ce4e-11ec-9d64-0242ac120002'),
('09c9193e-ce50-11ec-9d64-0242ac120002', 'LUNA', 'c3d58c42-ce4e-11ec-9d64-0242ac120002'),
('09c91a4c-ce50-11ec-9d64-0242ac120002', 'MALIBU', 'c3d5a27c-ce4e-11ec-9d64-0242ac120002'),
('09c91d08-ce50-11ec-9d64-0242ac120002', 'MANHATTAN', 'c3d5a0ce-ce4e-11ec-9d64-0242ac120002'),
('09c91e66-ce50-11ec-9d64-0242ac120002', 'MANUELA', 'c3d5a27c-ce4e-11ec-9d64-0242ac120002'),
('09c91f74-ce50-11ec-9d64-0242ac120002', 'MARGOT', 'c3d5abd2-ce4e-11ec-9d64-0242ac120002'),
('09c9208c-ce50-11ec-9d64-0242ac120002', 'MASTER', 'c3d594b2-ce4e-11ec-9d64-0242ac120002'),
('09c92190-ce50-11ec-9d64-0242ac120002', 'MATERA', 'c3d5aa1a-ce4e-11ec-9d64-0242ac120002'),
('09c92294-ce50-11ec-9d64-0242ac120002', 'MATRIXX', 'c3d5ab00-ce4e-11ec-9d64-0242ac120002'),
('09c923e8-ce50-11ec-9d64-0242ac120002', 'MAXIME', 'c3d592fa-ce4e-11ec-9d64-0242ac120002'),
('09c924e2-ce50-11ec-9d64-0242ac120002', 'MEMO', 'c3d59214-ce4e-11ec-9d64-0242ac120002'),
('09c927e4-ce50-11ec-9d64-0242ac120002', 'MIAMI', 'c3d5a0ce-ce4e-11ec-9d64-0242ac120002'),
('09c928e8-ce50-11ec-9d64-0242ac120002', 'MICKAELA', 'c3d58f30-ce4e-11ec-9d64-0242ac120002'),
('09c929ec-ce50-11ec-9d64-0242ac120002', 'MODENA', 'c3d59cd2-ce4e-11ec-9d64-0242ac120002'),
('09c92ae6-ce50-11ec-9d64-0242ac120002', 'MODULATION', 'c3d5abd2-ce4e-11ec-9d64-0242ac120002'),
('09c92bd6-ce50-11ec-9d64-0242ac120002', 'MOGADOR', 'c3d5a0ce-ce4e-11ec-9d64-0242ac120002'),
('09c92cd0-ce50-11ec-9d64-0242ac120002', 'MONACO', 'c3d5ab00-ce4e-11ec-9d64-0242ac120002'),
('09c92dc0-ce50-11ec-9d64-0242ac120002', 'MONTANA', 'c3d5a27c-ce4e-11ec-9d64-0242ac120002'),
('09c92eba-ce50-11ec-9d64-0242ac120002', 'MONTE CARLO', 'c3d5a0ce-ce4e-11ec-9d64-0242ac120002'),
('09c931e4-ce50-11ec-9d64-0242ac120002', 'MOOREA', 'c3d5aa1a-ce4e-11ec-9d64-0242ac120002'),
('09c932e8-ce50-11ec-9d64-0242ac120002', 'MULTIPLEX', 'c3d5ab00-ce4e-11ec-9d64-0242ac120002'),
('09c933ec-ce50-11ec-9d64-0242ac120002', 'MURANO', 'c3d5a0ce-ce4e-11ec-9d64-0242ac120002'),
('09c934e6-ce50-11ec-9d64-0242ac120002', 'NAPOLI', 'c3d5aa1a-ce4e-11ec-9d64-0242ac120002'),
('09c935f4-ce50-11ec-9d64-0242ac120002', 'NASSAU', 'c3d5a0ce-ce4e-11ec-9d64-0242ac120002'),
('09c936ee-ce50-11ec-9d64-0242ac120002', 'NEVADA', 'c3d593d6-ce4e-11ec-9d64-0242ac120002'),
('09c937e8-ce50-11ec-9d64-0242ac120002', 'NEW CAYENNE', 'c3d5a0ce-ce4e-11ec-9d64-0242ac120002'),
('09c938ec-ce50-11ec-9d64-0242ac120002', 'NEW DOLCE', 'c3d5a0ce-ce4e-11ec-9d64-0242ac120002'),
('09c93bbc-ce50-11ec-9d64-0242ac120002', 'NEW EXECUTIVE', 'c3d593d6-ce4e-11ec-9d64-0242ac120002'),
('09c93cc0-ce50-11ec-9d64-0242ac120002', 'NEW FESTIVAL', 'c3d58f30-ce4e-11ec-9d64-0242ac120002'),
('09c93dba-ce50-11ec-9d64-0242ac120002', 'NEW IBIZA', 'c3d5a0ce-ce4e-11ec-9d64-0242ac120002'),
('09c93ebe-ce50-11ec-9d64-0242ac120002', 'NEW MODULATION', 'c3d5abd2-ce4e-11ec-9d64-0242ac120002'),
('09c93fae-ce50-11ec-9d64-0242ac120002', 'NEXT', 'c3d5a0ce-ce4e-11ec-9d64-0242ac120002'),
('09c940b2-ce50-11ec-9d64-0242ac120002', 'NICE', 'c3d59db8-ce4e-11ec-9d64-0242ac120002'),
('09c941a2-ce50-11ec-9d64-0242ac120002', 'NICOLE', 'c3d5a0ce-ce4e-11ec-9d64-0242ac120002'),
('09c94508-ce50-11ec-9d64-0242ac120002', 'NINA F', 'c3d5a75e-ce4e-11ec-9d64-0242ac120002'),
('09c9467a-ce50-11ec-9d64-0242ac120002', 'NINA MIAMI', 'c3d5a75e-ce4e-11ec-9d64-0242ac120002'),
('09c9477e-ce50-11ec-9d64-0242ac120002', 'OCEANE', 'c3d59cd2-ce4e-11ec-9d64-0242ac120002'),
('09c94882-ce50-11ec-9d64-0242ac120002', 'OLYMPE', 'c3d5aa1a-ce4e-11ec-9d64-0242ac120002'),
('09c9497c-ce50-11ec-9d64-0242ac120002', 'OPERA', 'c3d59cd2-ce4e-11ec-9d64-0242ac120002'),
('09c94a76-ce50-11ec-9d64-0242ac120002', 'OREGON', 'c3d5a0ce-ce4e-11ec-9d64-0242ac120002'),
('09c94b66-ce50-11ec-9d64-0242ac120002', 'OSAKA', 'c3d5a0ce-ce4e-11ec-9d64-0242ac120002'),
('09c94cb0-ce50-11ec-9d64-0242ac120002', 'OSCAR', 'c3d5a0ce-ce4e-11ec-9d64-0242ac120002'),
('09c95048-ce50-11ec-9d64-0242ac120002', 'PABLO', 'c3d5a0ce-ce4e-11ec-9d64-0242ac120002'),
('09c95156-ce50-11ec-9d64-0242ac120002', 'PADOVA', 'c3d5a43e-ce4e-11ec-9d64-0242ac120002'),
('09c95250-ce50-11ec-9d64-0242ac120002', 'PALM BEACH', 'c3d5a0ce-ce4e-11ec-9d64-0242ac120002'),
('09c9534a-ce50-11ec-9d64-0242ac120002', 'PANAME', 'c3d59a3e-ce4e-11ec-9d64-0242ac120002'),
('09c95494-ce50-11ec-9d64-0242ac120002', 'PANORAMA', 'c3d59cd2-ce4e-11ec-9d64-0242ac120002'),
('09c955de-ce50-11ec-9d64-0242ac120002', 'PAOLA', 'c3d5a27c-ce4e-11ec-9d64-0242ac120002'),
('09c956e2-ce50-11ec-9d64-0242ac120002', 'PAOLO', 'c3d5a0ce-ce4e-11ec-9d64-0242ac120002'),
('09c957f0-ce50-11ec-9d64-0242ac120002', 'PARADIS', 'c3d592fa-ce4e-11ec-9d64-0242ac120002'),
('09c95b24-ce50-11ec-9d64-0242ac120002', 'PARADIS BLANC', 'c3d5a0ce-ce4e-11ec-9d64-0242ac120002'),
('09c95c32-ce50-11ec-9d64-0242ac120002', 'PARIS', 'c3d5a948-ce4e-11ec-9d64-0242ac120002'),
('09c95d36-ce50-11ec-9d64-0242ac120002', 'PARK', 'c3d5aa1a-ce4e-11ec-9d64-0242ac120002'),
('09c95e3a-ce50-11ec-9d64-0242ac120002', 'PARTITION', 'c3d5abd2-ce4e-11ec-9d64-0242ac120002'),
('09c95f34-ce50-11ec-9d64-0242ac120002', 'PASHA', 'c3d5abd2-ce4e-11ec-9d64-0242ac120002'),
('09c96150-ce50-11ec-9d64-0242ac120002', 'PERLA', 'c3d5a27c-ce4e-11ec-9d64-0242ac120002'),
('09c96272-ce50-11ec-9d64-0242ac120002', 'PICCOLO', 'c3d5a0ce-ce4e-11ec-9d64-0242ac120002'),
('09c9636c-ce50-11ec-9d64-0242ac120002', 'PLANET', 'c3d5a0ce-ce4e-11ec-9d64-0242ac120002'),
('09c96772-ce50-11ec-9d64-0242ac120002', 'PLAZA', 'c3d59214-ce4e-11ec-9d64-0242ac120002'),
('09c9688a-ce50-11ec-9d64-0242ac120002', 'PORTOFINO', 'c3d5a0ce-ce4e-11ec-9d64-0242ac120002'),
('09c96984-ce50-11ec-9d64-0242ac120002', 'PRADO', 'c3d592fa-ce4e-11ec-9d64-0242ac120002'),
('09c96a88-ce50-11ec-9d64-0242ac120002', 'RECIFE', 'c3d5a0ce-ce4e-11ec-9d64-0242ac120002'),
('09c96b8c-ce50-11ec-9d64-0242ac120002', 'REPORTER', 'c3d5a948-ce4e-11ec-9d64-0242ac120002'),
('09c96c86-ce50-11ec-9d64-0242ac120002', 'REVELATION', 'c3d5a0ce-ce4e-11ec-9d64-0242ac120002'),
('09c96d80-ce50-11ec-9d64-0242ac120002', 'REVO', 'c3d59db8-ce4e-11ec-9d64-0242ac120002'),
('09c9705a-ce50-11ec-9d64-0242ac120002', 'RIMINI', 'c3d5a75e-ce4e-11ec-9d64-0242ac120002'),
('09c9715e-ce50-11ec-9d64-0242ac120002', 'RIVAGE', 'c3d5a0ce-ce4e-11ec-9d64-0242ac120002'),
('09c97262-ce50-11ec-9d64-0242ac120002', 'ROLLS', 'c3d593d6-ce4e-11ec-9d64-0242ac120002'),
('09c97366-ce50-11ec-9d64-0242ac120002', 'ROOFTOP', 'c3d5a0ce-ce4e-11ec-9d64-0242ac120002'),
('09c9746a-ce50-11ec-9d64-0242ac120002', 'ROUND', 'c3d58c42-ce4e-11ec-9d64-0242ac120002'),
('09c97564-ce50-11ec-9d64-0242ac120002', 'SAFRAN', 'c3d5a0ce-ce4e-11ec-9d64-0242ac120002'),
('09c97672-ce50-11ec-9d64-0242ac120002', 'SAHARA', 'c3d5a27c-ce4e-11ec-9d64-0242ac120002'),
('09c9776c-ce50-11ec-9d64-0242ac120002', 'SANDRO', 'c3d5a27c-ce4e-11ec-9d64-0242ac120002'),
('09c97ac8-ce50-11ec-9d64-0242ac120002', 'SANDY', 'c3d5a27c-ce4e-11ec-9d64-0242ac120002'),
('09c97bd6-ce50-11ec-9d64-0242ac120002', 'SATURN', 'c3d5903e-ce4e-11ec-9d64-0242ac120002'),
('09c97cda-ce50-11ec-9d64-0242ac120002', 'SATURNE', 'c3d592fa-ce4e-11ec-9d64-0242ac120002'),
('09c97dd4-ce50-11ec-9d64-0242ac120002', 'SCALA', 'c3d59cd2-ce4e-11ec-9d64-0242ac120002'),
('09c97ece-ce50-11ec-9d64-0242ac120002', 'SCH 10224', 'c3d5a0ce-ce4e-11ec-9d64-0242ac120002'),
('09c97fc8-ce50-11ec-9d64-0242ac120002', 'SELECT', 'c3d5a51a-ce4e-11ec-9d64-0242ac120002'),
('09c980d6-ce50-11ec-9d64-0242ac120002', 'SHAILA', 'c3d5ad94-ce4e-11ec-9d64-0242ac120002'),
('09c981d0-ce50-11ec-9d64-0242ac120002', 'SIESTA', 'c3d5a27c-ce4e-11ec-9d64-0242ac120002'),
('09c98496-ce50-11ec-9d64-0242ac120002', 'SIGMA', 'c3d58c42-ce4e-11ec-9d64-0242ac120002'),
('09c9859a-ce50-11ec-9d64-0242ac120002', 'SIGNATURE', 'c3d5a0ce-ce4e-11ec-9d64-0242ac120002'),
('09c98694-ce50-11ec-9d64-0242ac120002', 'SINGAPOUR', 'c3d5a0ce-ce4e-11ec-9d64-0242ac120002'),
('09c98798-ce50-11ec-9d64-0242ac120002', 'SKAGEN', 'c3d59b1a-ce4e-11ec-9d64-0242ac120002'),
('09c9889c-ce50-11ec-9d64-0242ac120002', 'SOPRANO', 'c3d5ad94-ce4e-11ec-9d64-0242ac120002'),
('09c98996-ce50-11ec-9d64-0242ac120002', 'SORRENTO', 'c3d5ab00-ce4e-11ec-9d64-0242ac120002'),
('09c98a9a-ce50-11ec-9d64-0242ac120002', 'SQUARE', 'c3d58c42-ce4e-11ec-9d64-0242ac120002'),
('09c98ce8-ce50-11ec-9d64-0242ac120002', 'STAND UP', 'c3d58c42-ce4e-11ec-9d64-0242ac120002'),
('09c98dec-ce50-11ec-9d64-0242ac120002', 'SWING', 'c3d5a0ce-ce4e-11ec-9d64-0242ac120002'),
('09c98ee6-ce50-11ec-9d64-0242ac120002', 'TALISMAN', 'c3d5a0ce-ce4e-11ec-9d64-0242ac120002'),
('09c98fea-ce50-11ec-9d64-0242ac120002', 'TAMARA', 'c3d58c42-ce4e-11ec-9d64-0242ac120002'),
('09c990e4-ce50-11ec-9d64-0242ac120002', 'TEA TIME', 'c3d5a27c-ce4e-11ec-9d64-0242ac120002'),
('09c9935a-ce50-11ec-9d64-0242ac120002', 'TEMPO', 'c3d593d6-ce4e-11ec-9d64-0242ac120002'),
('09c99468-ce50-11ec-9d64-0242ac120002', 'TENESSEE', 'c3d5912e-ce4e-11ec-9d64-0242ac120002'),
('09c99562-ce50-11ec-9d64-0242ac120002', 'TETRIS', 'c3d59db8-ce4e-11ec-9d64-0242ac120002'),
('09c9965c-ce50-11ec-9d64-0242ac120002', 'TIE BREAK', 'c3d592fa-ce4e-11ec-9d64-0242ac120002'),
('09c99756-ce50-11ec-9d64-0242ac120002', 'TIMELESS', 'c3d5a0ce-ce4e-11ec-9d64-0242ac120002'),
('09c99850-ce50-11ec-9d64-0242ac120002', 'TOLEDO', 'c3d58c42-ce4e-11ec-9d64-0242ac120002'),
('09c9994a-ce50-11ec-9d64-0242ac120002', 'TOTEM', 'c3d5a27c-ce4e-11ec-9d64-0242ac120002'),
('09c99a3a-ce50-11ec-9d64-0242ac120002', 'TRAVELLING', 'c3d5a0ce-ce4e-11ec-9d64-0242ac120002'),
('09c99d50-ce50-11ec-9d64-0242ac120002', 'TV FAUTEUIL', 'c3d5a0ce-ce4e-11ec-9d64-0242ac120002'),
('09c99e4a-ce50-11ec-9d64-0242ac120002', 'TVCH 9312', 'c3d5a0ce-ce4e-11ec-9d64-0242ac120002'),
('09c99f44-ce50-11ec-9d64-0242ac120002', 'UNIVERSAL', 'c3d5a0ce-ce4e-11ec-9d64-0242ac120002'),
('09c9a048-ce50-11ec-9d64-0242ac120002', 'URBAN', 'c3d5a0ce-ce4e-11ec-9d64-0242ac120002'),
('09c9a142-ce50-11ec-9d64-0242ac120002', 'VANCOUVER', 'c3d5a0ce-ce4e-11ec-9d64-0242ac120002'),
('09c9a232-ce50-11ec-9d64-0242ac120002', 'VERMONT', 'c3d593d6-ce4e-11ec-9d64-0242ac120002'),
('09c9a32c-ce50-11ec-9d64-0242ac120002', 'VIAGGIO', 'c3d5996c-ce4e-11ec-9d64-0242ac120002'),
('09c9a64c-ce50-11ec-9d64-0242ac120002', 'VICTORY', 'c3d592fa-ce4e-11ec-9d64-0242ac120002'),
('09c9a75a-ce50-11ec-9d64-0242ac120002', 'VOYAGE', 'c3d5aa1a-ce4e-11ec-9d64-0242ac120002'),
('09c9a85e-ce50-11ec-9d64-0242ac120002', 'WEEKEND', 'c3d5a0ce-ce4e-11ec-9d64-0242ac120002'),
('09c9a962-ce50-11ec-9d64-0242ac120002', 'WELCOME', 'c3d5a0ce-ce4e-11ec-9d64-0242ac120002'),
('09c9aa52-ce50-11ec-9d64-0242ac120002', 'ZEN', 'c3d5a0ce-ce4e-11ec-9d64-0242ac120002'),
('09c9ab56-ce50-11ec-9d64-0242ac120002', 'ZENITH', 'c3d5a0ce-ce4e-11ec-9d64-0242ac120002'),
('09c9ac50-ce50-11ec-9d64-0242ac120002', 'ZOOM', 'c3d5a0ce-ce4e-11ec-9d64-0242ac120002');

INSERT INTO PRO_PROVIDER (PRO_ID, PRO_NAME) VALUES
('dd5749ec-d878-11ec-9d64-0242ac120002','CONFORT SERVICE'),
('dd574c44-d878-11ec-9d64-0242ac120002','ART'),
('dd574d66-d878-11ec-9d64-0242ac120002','GIE'),
('dd574e88-d878-11ec-9d64-0242ac120002','USINE'),
('dd575068-d878-11ec-9d64-0242ac120002','AKANTE'),
('dd575176-d878-11ec-9d64-0242ac120002','KTM'),
('dd57528e-d878-11ec-9d64-0242ac120002','AMBROGI'),
('dd575392-d878-11ec-9d64-0242ac120002','RETOUR USINE'),
('dd575496-d878-11ec-9d64-0242ac120002','BERREBY'),
('dd57568a-d878-11ec-9d64-0242ac120002','OPTIMA'),
('dd575798-d878-11ec-9d64-0242ac120002','JEAN PAUL REY'),
('dd575892-d878-11ec-9d64-0242ac120002','SUPERB'),
('dd5759a0-d878-11ec-9d64-0242ac120002','ACT'),
('dd575aa4-d878-11ec-9d64-0242ac120002','MAGASIN'),
('dd575d56-d878-11ec-9d64-0242ac120002','GREENCORP'),
('dd575e5a-d878-11ec-9d64-0242ac120002','CORIUM');

